index,Tempo,Ptx,Joint,AngErr_NoLag
0,80,0,Distal-Medial,3.547
1,80,0,Distal-Medial,2.698
2,80,0,Distal-Medial,1.969
3,80,0,Distal-Medial,1.351
4,80,0,Distal-Medial,0.837
5,80,0,Distal-Medial,0.418
6,80,0,Distal-Medial,0.086
7,80,0,Distal-Medial,0.165
8,80,0,Distal-Medial,0.344
9,80,0,Distal-Medial,0.456
10,80,0,Distal-Medial,0.509
11,80,0,Distal-Medial,0.508
12,80,0,Distal-Medial,0.461
13,80,0,Distal-Medial,0.372
14,80,0,Distal-Medial,0.247
15,80,0,Distal-Medial,0.091
16,80,0,Distal-Medial,0.09
17,80,0,Distal-Medial,0.293
18,80,0,Distal-Medial,0.512
19,80,0,Distal-Medial,0.744
20,80,0,Distal-Medial,0.984
21,80,0,Distal-Medial,1.23
22,80,0,Distal-Medial,1.478
23,80,0,Distal-Medial,1.724
24,80,0,Distal-Medial,1.967
25,80,0,Distal-Medial,2.204
26,80,0,Distal-Medial,2.432
27,80,0,Distal-Medial,2.65
28,80,0,Distal-Medial,2.856
29,80,0,Distal-Medial,3.048
30,80,0,Distal-Medial,3.226
31,80,0,Distal-Medial,3.389
32,80,0,Distal-Medial,3.537
33,80,0,Distal-Medial,3.668
34,80,0,Distal-Medial,3.784
35,80,0,Distal-Medial,3.884
36,80,0,Distal-Medial,3.969
37,80,0,Distal-Medial,4.041
38,80,0,Distal-Medial,4.152
39,80,0,Distal-Medial,4.199
40,80,0,Distal-Medial,4.197
41,80,0,Distal-Medial,4.162
42,80,0,Distal-Medial,4.107
43,80,0,Distal-Medial,4.049
44,80,0,Distal-Medial,4.004
45,80,0,Distal-Medial,3.987
46,80,0,Distal-Medial,4.014
47,80,0,Distal-Medial,4.097
48,80,0,Distal-Medial,4.244
49,80,0,Distal-Medial,4.458
50,80,1,Distal-Medial,4.74
51,80,1,Distal-Medial,5.087
52,80,1,Distal-Medial,5.497
53,80,1,Distal-Medial,5.97
54,80,1,Distal-Medial,6.504
55,80,1,Distal-Medial,7.094
56,80,1,Distal-Medial,7.74
57,80,1,Distal-Medial,8.44
58,80,1,Distal-Medial,9.192
59,80,1,Distal-Medial,9.987
60,80,1,Distal-Medial,10.812
61,80,1,Distal-Medial,11.662
62,80,1,Distal-Medial,12.532
63,80,1,Distal-Medial,13.264
64,80,1,Distal-Medial,14.014
65,80,1,Distal-Medial,14.779
66,80,1,Distal-Medial,15.557
67,80,1,Distal-Medial,16.344
68,80,1,Distal-Medial,17.138
69,80,1,Distal-Medial,17.935
70,80,1,Distal-Medial,18.733
71,80,1,Distal-Medial,19.526
72,80,1,Distal-Medial,20.312
73,80,1,Distal-Medial,21.086
74,80,1,Distal-Medial,21.845
75,80,1,Distal-Medial,22.582
76,80,1,Distal-Medial,23.295
77,80,1,Distal-Medial,23.978
78,80,1,Distal-Medial,24.625
79,80,1,Distal-Medial,25.232
80,80,1,Distal-Medial,25.793
81,80,1,Distal-Medial,26.302
82,80,1,Distal-Medial,26.754
83,80,1,Distal-Medial,27.141
84,80,1,Distal-Medial,27.459
85,80,1,Distal-Medial,27.7
86,80,1,Distal-Medial,27.857
87,80,1,Distal-Medial,27.924
88,80,1,Distal-Medial,27.893
89,80,1,Distal-Medial,27.758
90,80,1,Distal-Medial,27.51
91,80,1,Distal-Medial,27.141
92,80,1,Distal-Medial,26.644
93,80,1,Distal-Medial,26.011
94,80,1,Distal-Medial,25.232
95,80,1,Distal-Medial,24.3
96,80,1,Distal-Medial,23.206
97,80,1,Distal-Medial,21.94
98,80,1,Distal-Medial,20.493
99,80,1,Distal-Medial,18.856
0,80,0,Medial-Proximal,6.353
1,80,0,Medial-Proximal,7.742
2,80,0,Medial-Proximal,8.964
3,80,0,Medial-Proximal,10.031
4,80,0,Medial-Proximal,10.951
5,80,0,Medial-Proximal,11.736
6,80,0,Medial-Proximal,12.395
7,80,0,Medial-Proximal,12.939
8,80,0,Medial-Proximal,13.375
9,80,0,Medial-Proximal,13.714
10,80,0,Medial-Proximal,13.964
11,80,0,Medial-Proximal,14.132
12,80,0,Medial-Proximal,14.228
13,80,0,Medial-Proximal,14.259
14,80,0,Medial-Proximal,14.231
15,80,0,Medial-Proximal,14.153
16,80,0,Medial-Proximal,14.031
17,80,0,Medial-Proximal,13.87
18,80,0,Medial-Proximal,13.679
19,80,0,Medial-Proximal,13.461
20,80,0,Medial-Proximal,13.222
21,80,0,Medial-Proximal,12.969
22,80,0,Medial-Proximal,12.704
23,80,0,Medial-Proximal,12.434
24,80,0,Medial-Proximal,12.162
25,80,0,Medial-Proximal,11.892
26,80,0,Medial-Proximal,11.627
27,80,0,Medial-Proximal,11.371
28,80,0,Medial-Proximal,11.127
29,80,0,Medial-Proximal,10.897
30,80,0,Medial-Proximal,10.683
31,80,0,Medial-Proximal,10.488
32,80,0,Medial-Proximal,10.313
33,80,0,Medial-Proximal,10.16
34,80,0,Medial-Proximal,10.028
35,80,0,Medial-Proximal,9.92
36,80,0,Medial-Proximal,9.836
37,80,0,Medial-Proximal,9.775
38,80,0,Medial-Proximal,9.802
39,80,0,Medial-Proximal,9.854
40,80,0,Medial-Proximal,9.93
41,80,0,Medial-Proximal,10.026
42,80,0,Medial-Proximal,10.137
43,80,0,Medial-Proximal,10.258
44,80,0,Medial-Proximal,10.38
45,80,0,Medial-Proximal,10.497
46,80,0,Medial-Proximal,10.602
47,80,0,Medial-Proximal,10.689
48,80,0,Medial-Proximal,10.753
49,80,0,Medial-Proximal,10.789
50,80,1,Medial-Proximal,10.791
51,80,1,Medial-Proximal,10.752
52,80,1,Medial-Proximal,10.667
53,80,1,Medial-Proximal,10.536
54,80,1,Medial-Proximal,10.358
55,80,1,Medial-Proximal,10.135
56,80,1,Medial-Proximal,9.871
57,80,1,Medial-Proximal,9.573
58,80,1,Medial-Proximal,9.245
59,80,1,Medial-Proximal,8.891
60,80,1,Medial-Proximal,8.515
61,80,1,Medial-Proximal,8.119
62,80,1,Medial-Proximal,7.707
63,80,1,Medial-Proximal,7.437
64,80,1,Medial-Proximal,7.155
65,80,1,Medial-Proximal,6.86
66,80,1,Medial-Proximal,6.557
67,80,1,Medial-Proximal,6.246
68,80,1,Medial-Proximal,5.931
69,80,1,Medial-Proximal,5.616
70,80,1,Medial-Proximal,5.302
71,80,1,Medial-Proximal,4.993
72,80,1,Medial-Proximal,4.694
73,80,1,Medial-Proximal,4.408
74,80,1,Medial-Proximal,4.14
75,80,1,Medial-Proximal,3.893
76,80,1,Medial-Proximal,3.674
77,80,1,Medial-Proximal,3.486
78,80,1,Medial-Proximal,3.335
79,80,1,Medial-Proximal,3.227
80,80,1,Medial-Proximal,3.168
81,80,1,Medial-Proximal,3.163
82,80,1,Medial-Proximal,3.219
83,80,1,Medial-Proximal,3.343
84,80,1,Medial-Proximal,3.541
85,80,1,Medial-Proximal,3.821
86,80,1,Medial-Proximal,4.189
87,80,1,Medial-Proximal,4.655
88,80,1,Medial-Proximal,5.224
89,80,1,Medial-Proximal,5.906
90,80,1,Medial-Proximal,6.71
91,80,1,Medial-Proximal,7.643
92,80,1,Medial-Proximal,8.714
93,80,1,Medial-Proximal,9.934
94,80,1,Medial-Proximal,11.311
95,80,1,Medial-Proximal,12.855
96,80,1,Medial-Proximal,14.576
97,80,1,Medial-Proximal,16.484
98,80,1,Medial-Proximal,18.59
99,80,1,Medial-Proximal,20.904
0,80,0,Proximal-Metacapal,7.559
1,80,0,Proximal-Metacapal,7.42
2,80,0,Proximal-Metacapal,7.348
3,80,0,Proximal-Metacapal,7.339
4,80,0,Proximal-Metacapal,7.386
5,80,0,Proximal-Metacapal,7.484
6,80,0,Proximal-Metacapal,7.629
7,80,0,Proximal-Metacapal,7.816
8,80,0,Proximal-Metacapal,8.039
9,80,0,Proximal-Metacapal,8.296
10,80,0,Proximal-Metacapal,8.58
11,80,0,Proximal-Metacapal,8.889
12,80,0,Proximal-Metacapal,9.219
13,80,0,Proximal-Metacapal,9.564
14,80,0,Proximal-Metacapal,9.923
15,80,0,Proximal-Metacapal,10.29
16,80,0,Proximal-Metacapal,10.664
17,80,0,Proximal-Metacapal,11.04
18,80,0,Proximal-Metacapal,11.417
19,80,0,Proximal-Metacapal,11.79
20,80,0,Proximal-Metacapal,12.158
21,80,0,Proximal-Metacapal,12.517
22,80,0,Proximal-Metacapal,12.866
23,80,0,Proximal-Metacapal,13.202
24,80,0,Proximal-Metacapal,13.524
25,80,0,Proximal-Metacapal,13.829
26,80,0,Proximal-Metacapal,14.116
27,80,0,Proximal-Metacapal,14.383
28,80,0,Proximal-Metacapal,14.63
29,80,0,Proximal-Metacapal,14.854
30,80,0,Proximal-Metacapal,15.054
31,80,0,Proximal-Metacapal,15.231
32,80,0,Proximal-Metacapal,15.382
33,80,0,Proximal-Metacapal,15.508
34,80,0,Proximal-Metacapal,15.609
35,80,0,Proximal-Metacapal,15.683
36,80,0,Proximal-Metacapal,15.731
37,80,0,Proximal-Metacapal,15.754
38,80,0,Proximal-Metacapal,15.9
39,80,0,Proximal-Metacapal,15.97
40,80,0,Proximal-Metacapal,15.976
41,80,0,Proximal-Metacapal,15.932
42,80,0,Proximal-Metacapal,15.848
43,80,0,Proximal-Metacapal,15.739
44,80,0,Proximal-Metacapal,15.613
45,80,0,Proximal-Metacapal,15.479
46,80,0,Proximal-Metacapal,15.343
47,80,0,Proximal-Metacapal,15.207
48,80,0,Proximal-Metacapal,15.076
49,80,0,Proximal-Metacapal,14.979
50,80,1,Proximal-Metacapal,14.944
51,80,1,Proximal-Metacapal,14.942
52,80,1,Proximal-Metacapal,14.951
53,80,1,Proximal-Metacapal,14.953
54,80,1,Proximal-Metacapal,14.933
55,80,1,Proximal-Metacapal,14.882
56,80,1,Proximal-Metacapal,14.792
57,80,1,Proximal-Metacapal,14.661
58,80,1,Proximal-Metacapal,14.486
59,80,1,Proximal-Metacapal,14.268
60,80,1,Proximal-Metacapal,14.006
61,80,1,Proximal-Metacapal,13.707
62,80,1,Proximal-Metacapal,13.375
63,80,1,Proximal-Metacapal,13.07
64,80,1,Proximal-Metacapal,12.757
65,80,1,Proximal-Metacapal,12.436
66,80,1,Proximal-Metacapal,12.111
67,80,1,Proximal-Metacapal,11.781
68,80,1,Proximal-Metacapal,11.449
69,80,1,Proximal-Metacapal,11.116
70,80,1,Proximal-Metacapal,10.784
71,80,1,Proximal-Metacapal,10.454
72,80,1,Proximal-Metacapal,10.128
73,80,1,Proximal-Metacapal,9.808
74,80,1,Proximal-Metacapal,9.495
75,80,1,Proximal-Metacapal,9.192
76,80,1,Proximal-Metacapal,8.9
77,80,1,Proximal-Metacapal,8.621
78,80,1,Proximal-Metacapal,8.357
79,80,1,Proximal-Metacapal,8.11
80,80,1,Proximal-Metacapal,7.881
81,80,1,Proximal-Metacapal,7.674
82,80,1,Proximal-Metacapal,7.49
83,80,1,Proximal-Metacapal,7.331
84,80,1,Proximal-Metacapal,7.199
85,80,1,Proximal-Metacapal,7.096
86,80,1,Proximal-Metacapal,7.026
87,80,1,Proximal-Metacapal,6.989
88,80,1,Proximal-Metacapal,6.988
89,80,1,Proximal-Metacapal,7.027
90,80,1,Proximal-Metacapal,7.106
91,80,1,Proximal-Metacapal,7.228
92,80,1,Proximal-Metacapal,7.396
93,80,1,Proximal-Metacapal,7.613
94,80,1,Proximal-Metacapal,7.88
95,80,1,Proximal-Metacapal,8.201
96,80,1,Proximal-Metacapal,8.577
97,80,1,Proximal-Metacapal,9.013
98,80,1,Proximal-Metacapal,9.51
99,80,1,Proximal-Metacapal,10.07
0,120,0,Distal-Medial,3.905
1,120,0,Distal-Medial,4.065
2,120,0,Distal-Medial,4.211
3,120,0,Distal-Medial,4.344
4,120,0,Distal-Medial,4.465
5,120,0,Distal-Medial,4.574
6,120,0,Distal-Medial,4.671
7,120,0,Distal-Medial,4.758
8,120,0,Distal-Medial,4.836
9,120,0,Distal-Medial,4.904
10,120,0,Distal-Medial,4.963
11,120,0,Distal-Medial,5.015
12,120,0,Distal-Medial,5.059
13,120,0,Distal-Medial,5.097
14,120,0,Distal-Medial,5.128
15,120,0,Distal-Medial,5.154
16,120,0,Distal-Medial,5.175
17,120,0,Distal-Medial,5.191
18,120,0,Distal-Medial,5.203
19,120,0,Distal-Medial,5.211
20,120,0,Distal-Medial,5.215
21,120,0,Distal-Medial,5.217
22,120,0,Distal-Medial,5.217
23,120,0,Distal-Medial,5.214
24,120,0,Distal-Medial,5.21
25,120,0,Distal-Medial,5.205
26,120,0,Distal-Medial,5.199
27,120,0,Distal-Medial,5.192
28,120,0,Distal-Medial,5.185
29,120,0,Distal-Medial,5.178
30,120,0,Distal-Medial,5.171
31,120,0,Distal-Medial,5.164
32,120,0,Distal-Medial,5.159
33,120,0,Distal-Medial,5.154
34,120,0,Distal-Medial,5.151
35,120,0,Distal-Medial,5.149
36,120,0,Distal-Medial,5.148
37,120,0,Distal-Medial,5.149
38,120,0,Distal-Medial,4.919
39,120,0,Distal-Medial,4.745
40,120,0,Distal-Medial,4.686
41,120,0,Distal-Medial,4.736
42,120,0,Distal-Medial,4.89
43,120,0,Distal-Medial,5.019
44,120,0,Distal-Medial,5.088
45,120,0,Distal-Medial,5.091
46,120,0,Distal-Medial,5.092
47,120,0,Distal-Medial,5.116
48,120,0,Distal-Medial,5.23
49,120,0,Distal-Medial,5.47
50,120,1,Distal-Medial,5.65
51,120,1,Distal-Medial,5.784
52,120,1,Distal-Medial,5.875
53,120,1,Distal-Medial,5.929
54,120,1,Distal-Medial,5.919
55,120,1,Distal-Medial,5.891
56,120,1,Distal-Medial,5.869
57,120,1,Distal-Medial,5.862
58,120,1,Distal-Medial,5.878
59,120,1,Distal-Medial,5.924
60,120,1,Distal-Medial,6.012
61,120,1,Distal-Medial,6.154
62,120,1,Distal-Medial,6.278
63,120,1,Distal-Medial,6.198
64,120,1,Distal-Medial,6.102
65,120,1,Distal-Medial,5.992
66,120,1,Distal-Medial,5.869
67,120,1,Distal-Medial,5.732
68,120,1,Distal-Medial,5.584
69,120,1,Distal-Medial,5.424
70,120,1,Distal-Medial,5.255
71,120,1,Distal-Medial,5.078
72,120,1,Distal-Medial,4.894
73,120,1,Distal-Medial,4.705
74,120,1,Distal-Medial,4.512
75,120,1,Distal-Medial,4.318
76,120,1,Distal-Medial,4.124
77,120,1,Distal-Medial,3.933
78,120,1,Distal-Medial,3.747
79,120,1,Distal-Medial,3.568
80,120,1,Distal-Medial,3.399
81,120,1,Distal-Medial,3.242
82,120,1,Distal-Medial,3.101
83,120,1,Distal-Medial,2.978
84,120,1,Distal-Medial,2.877
85,120,1,Distal-Medial,2.8
86,120,1,Distal-Medial,2.752
87,120,1,Distal-Medial,2.734
88,120,1,Distal-Medial,2.752
89,120,1,Distal-Medial,2.808
90,120,1,Distal-Medial,2.908
91,120,1,Distal-Medial,3.053
92,120,1,Distal-Medial,3.25
93,120,1,Distal-Medial,3.501
94,120,1,Distal-Medial,3.812
95,120,1,Distal-Medial,4.187
96,120,1,Distal-Medial,4.631
97,120,1,Distal-Medial,5.148
98,120,1,Distal-Medial,5.744
99,120,1,Distal-Medial,6.423
0,120,0,Medial-Proximal,5.332
1,120,0,Medial-Proximal,5.788
2,120,0,Medial-Proximal,6.193
3,120,0,Medial-Proximal,6.549
4,120,0,Medial-Proximal,6.859
5,120,0,Medial-Proximal,7.125
6,120,0,Medial-Proximal,7.35
7,120,0,Medial-Proximal,7.536
8,120,0,Medial-Proximal,7.685
9,120,0,Medial-Proximal,7.799
10,120,0,Medial-Proximal,7.881
11,120,0,Medial-Proximal,7.933
12,120,0,Medial-Proximal,7.957
13,120,0,Medial-Proximal,7.955
14,120,0,Medial-Proximal,7.928
15,120,0,Medial-Proximal,7.88
16,120,0,Medial-Proximal,7.81
17,120,0,Medial-Proximal,7.723
18,120,0,Medial-Proximal,7.618
19,120,0,Medial-Proximal,7.499
20,120,0,Medial-Proximal,7.366
21,120,0,Medial-Proximal,7.221
22,120,0,Medial-Proximal,7.066
23,120,0,Medial-Proximal,6.902
24,120,0,Medial-Proximal,6.731
25,120,0,Medial-Proximal,6.554
26,120,0,Medial-Proximal,6.373
27,120,0,Medial-Proximal,6.189
28,120,0,Medial-Proximal,6.003
29,120,0,Medial-Proximal,5.816
30,120,0,Medial-Proximal,5.629
31,120,0,Medial-Proximal,5.445
32,120,0,Medial-Proximal,5.262
33,120,0,Medial-Proximal,5.084
34,120,0,Medial-Proximal,4.91
35,120,0,Medial-Proximal,4.742
36,120,0,Medial-Proximal,4.58
37,120,0,Medial-Proximal,4.426
38,120,0,Medial-Proximal,4.261
39,120,0,Medial-Proximal,4.181
40,120,0,Medial-Proximal,4.223
41,120,0,Medial-Proximal,4.328
42,120,0,Medial-Proximal,4.413
43,120,0,Medial-Proximal,4.457
44,120,0,Medial-Proximal,4.578
45,120,0,Medial-Proximal,4.809
46,120,0,Medial-Proximal,4.916
47,120,0,Medial-Proximal,4.857
48,120,0,Medial-Proximal,4.669
49,120,0,Medial-Proximal,4.389
50,120,1,Medial-Proximal,4.033
51,120,1,Medial-Proximal,3.625
52,120,1,Medial-Proximal,3.194
53,120,1,Medial-Proximal,2.772
54,120,1,Medial-Proximal,2.391
55,120,1,Medial-Proximal,2.086
56,120,1,Medial-Proximal,1.892
57,120,1,Medial-Proximal,1.842
58,120,1,Medial-Proximal,1.968
59,120,1,Medial-Proximal,2.267
60,120,1,Medial-Proximal,2.709
61,120,1,Medial-Proximal,3.219
62,120,1,Medial-Proximal,3.849
63,120,1,Medial-Proximal,4.414
64,120,1,Medial-Proximal,5.038
65,120,1,Medial-Proximal,5.716
66,120,1,Medial-Proximal,6.444
67,120,1,Medial-Proximal,7.217
68,120,1,Medial-Proximal,8.03
69,120,1,Medial-Proximal,8.877
70,120,1,Medial-Proximal,9.75
71,120,1,Medial-Proximal,10.643
72,120,1,Medial-Proximal,11.547
73,120,1,Medial-Proximal,12.454
74,120,1,Medial-Proximal,13.354
75,120,1,Medial-Proximal,14.238
76,120,1,Medial-Proximal,15.096
77,120,1,Medial-Proximal,15.915
78,120,1,Medial-Proximal,16.685
79,120,1,Medial-Proximal,17.393
80,120,1,Medial-Proximal,18.026
81,120,1,Medial-Proximal,18.57
82,120,1,Medial-Proximal,19.012
83,120,1,Medial-Proximal,19.336
84,120,1,Medial-Proximal,19.527
85,120,1,Medial-Proximal,19.569
86,120,1,Medial-Proximal,19.445
87,120,1,Medial-Proximal,19.138
88,120,1,Medial-Proximal,18.631
89,120,1,Medial-Proximal,17.903
90,120,1,Medial-Proximal,16.937
91,120,1,Medial-Proximal,15.713
92,120,1,Medial-Proximal,14.209
93,120,1,Medial-Proximal,12.406
94,120,1,Medial-Proximal,10.281
95,120,1,Medial-Proximal,7.812
96,120,1,Medial-Proximal,4.976
97,120,1,Medial-Proximal,1.75
98,120,1,Medial-Proximal,1.89
99,120,1,Medial-Proximal,5.97
0,120,0,Proximal-Metacapal,18.213
1,120,0,Proximal-Metacapal,17.07
2,120,0,Proximal-Metacapal,16.035
3,120,0,Proximal-Metacapal,15.101
4,120,0,Proximal-Metacapal,14.265
5,120,0,Proximal-Metacapal,13.52
6,120,0,Proximal-Metacapal,12.864
7,120,0,Proximal-Metacapal,12.289
8,120,0,Proximal-Metacapal,11.793
9,120,0,Proximal-Metacapal,11.371
10,120,0,Proximal-Metacapal,11.018
11,120,0,Proximal-Metacapal,10.729
12,120,0,Proximal-Metacapal,10.501
13,120,0,Proximal-Metacapal,10.33
14,120,0,Proximal-Metacapal,10.211
15,120,0,Proximal-Metacapal,10.141
16,120,0,Proximal-Metacapal,10.116
17,120,0,Proximal-Metacapal,10.131
18,120,0,Proximal-Metacapal,10.185
19,120,0,Proximal-Metacapal,10.272
20,120,0,Proximal-Metacapal,10.39
21,120,0,Proximal-Metacapal,10.536
22,120,0,Proximal-Metacapal,10.706
23,120,0,Proximal-Metacapal,10.897
24,120,0,Proximal-Metacapal,11.106
25,120,0,Proximal-Metacapal,11.33
26,120,0,Proximal-Metacapal,11.567
27,120,0,Proximal-Metacapal,11.814
28,120,0,Proximal-Metacapal,12.069
29,120,0,Proximal-Metacapal,12.328
30,120,0,Proximal-Metacapal,12.59
31,120,0,Proximal-Metacapal,12.852
32,120,0,Proximal-Metacapal,13.112
33,120,0,Proximal-Metacapal,13.368
34,120,0,Proximal-Metacapal,13.618
35,120,0,Proximal-Metacapal,13.861
36,120,0,Proximal-Metacapal,14.094
37,120,0,Proximal-Metacapal,14.316
38,120,0,Proximal-Metacapal,14.464
39,120,0,Proximal-Metacapal,14.552
40,120,0,Proximal-Metacapal,14.567
41,120,0,Proximal-Metacapal,14.525
42,120,0,Proximal-Metacapal,14.482
43,120,0,Proximal-Metacapal,14.462
44,120,0,Proximal-Metacapal,14.498
45,120,0,Proximal-Metacapal,14.622
46,120,0,Proximal-Metacapal,14.871
47,120,0,Proximal-Metacapal,15.198
48,120,0,Proximal-Metacapal,15.448
49,120,0,Proximal-Metacapal,15.572
50,120,1,Proximal-Metacapal,15.515
51,120,1,Proximal-Metacapal,15.37
52,120,1,Proximal-Metacapal,15.135
53,120,1,Proximal-Metacapal,14.794
54,120,1,Proximal-Metacapal,14.397
55,120,1,Proximal-Metacapal,14.002
56,120,1,Proximal-Metacapal,13.672
57,120,1,Proximal-Metacapal,13.469
58,120,1,Proximal-Metacapal,13.453
59,120,1,Proximal-Metacapal,13.498
60,120,1,Proximal-Metacapal,13.525
61,120,1,Proximal-Metacapal,13.615
62,120,1,Proximal-Metacapal,13.736
63,120,1,Proximal-Metacapal,13.741
64,120,1,Proximal-Metacapal,13.728
65,120,1,Proximal-Metacapal,13.697
66,120,1,Proximal-Metacapal,13.646
67,120,1,Proximal-Metacapal,13.576
68,120,1,Proximal-Metacapal,13.487
69,120,1,Proximal-Metacapal,13.378
70,120,1,Proximal-Metacapal,13.249
71,120,1,Proximal-Metacapal,13.101
72,120,1,Proximal-Metacapal,12.934
73,120,1,Proximal-Metacapal,12.748
74,120,1,Proximal-Metacapal,12.545
75,120,1,Proximal-Metacapal,12.326
76,120,1,Proximal-Metacapal,12.09
77,120,1,Proximal-Metacapal,11.841
78,120,1,Proximal-Metacapal,11.579
79,120,1,Proximal-Metacapal,11.305
80,120,1,Proximal-Metacapal,11.022
81,120,1,Proximal-Metacapal,10.731
82,120,1,Proximal-Metacapal,10.435
83,120,1,Proximal-Metacapal,10.136
84,120,1,Proximal-Metacapal,9.836
85,120,1,Proximal-Metacapal,9.538
86,120,1,Proximal-Metacapal,9.244
87,120,1,Proximal-Metacapal,8.958
88,120,1,Proximal-Metacapal,8.683
89,120,1,Proximal-Metacapal,8.421
90,120,1,Proximal-Metacapal,8.177
91,120,1,Proximal-Metacapal,7.953
92,120,1,Proximal-Metacapal,7.755
93,120,1,Proximal-Metacapal,7.585
94,120,1,Proximal-Metacapal,7.447
95,120,1,Proximal-Metacapal,7.347
96,120,1,Proximal-Metacapal,7.288
97,120,1,Proximal-Metacapal,7.275
98,120,1,Proximal-Metacapal,7.313
99,120,1,Proximal-Metacapal,7.407
0,160,0,Distal-Medial,4.196
1,160,0,Distal-Medial,6.328
2,160,0,Distal-Medial,8.126
3,160,0,Distal-Medial,9.614
4,160,0,Distal-Medial,10.814
5,160,0,Distal-Medial,11.748
6,160,0,Distal-Medial,12.438
7,160,0,Distal-Medial,12.905
8,160,0,Distal-Medial,13.168
9,160,0,Distal-Medial,13.248
10,160,0,Distal-Medial,13.162
11,160,0,Distal-Medial,12.93
12,160,0,Distal-Medial,12.568
13,160,0,Distal-Medial,12.092
14,160,0,Distal-Medial,11.52
15,160,0,Distal-Medial,10.866
16,160,0,Distal-Medial,10.146
17,160,0,Distal-Medial,9.372
18,160,0,Distal-Medial,8.558
19,160,0,Distal-Medial,7.717
20,160,0,Distal-Medial,6.86
21,160,0,Distal-Medial,5.999
22,160,0,Distal-Medial,5.145
23,160,0,Distal-Medial,4.306
24,160,0,Distal-Medial,3.493
25,160,0,Distal-Medial,2.714
26,160,0,Distal-Medial,1.976
27,160,0,Distal-Medial,1.287
28,160,0,Distal-Medial,0.652
29,160,0,Distal-Medial,0.079
30,160,0,Distal-Medial,0.429
31,160,0,Distal-Medial,0.867
32,160,0,Distal-Medial,1.232
33,160,0,Distal-Medial,1.519
34,160,0,Distal-Medial,1.728
35,160,0,Distal-Medial,1.856
36,160,0,Distal-Medial,1.903
37,160,0,Distal-Medial,1.868
38,160,0,Distal-Medial,1.612
39,160,0,Distal-Medial,1.086
40,160,0,Distal-Medial,0.436
41,160,0,Distal-Medial,0.262
42,160,0,Distal-Medial,0.987
43,160,0,Distal-Medial,1.699
44,160,0,Distal-Medial,2.393
45,160,0,Distal-Medial,3.086
46,160,0,Distal-Medial,3.752
47,160,0,Distal-Medial,4.364
48,160,0,Distal-Medial,4.889
49,160,0,Distal-Medial,5.31
50,160,1,Distal-Medial,5.711
51,160,1,Distal-Medial,6.076
52,160,1,Distal-Medial,6.405
53,160,1,Distal-Medial,6.776
54,160,1,Distal-Medial,7.207
55,160,1,Distal-Medial,7.706
56,160,1,Distal-Medial,8.132
57,160,1,Distal-Medial,8.432
58,160,1,Distal-Medial,8.62
59,160,1,Distal-Medial,8.753
60,160,1,Distal-Medial,8.822
61,160,1,Distal-Medial,8.818
62,160,1,Distal-Medial,8.734
63,160,1,Distal-Medial,8.648
64,160,1,Distal-Medial,8.508
65,160,1,Distal-Medial,8.316
66,160,1,Distal-Medial,8.072
67,160,1,Distal-Medial,7.78
68,160,1,Distal-Medial,7.443
69,160,1,Distal-Medial,7.063
70,160,1,Distal-Medial,6.646
71,160,1,Distal-Medial,6.195
72,160,1,Distal-Medial,5.715
73,160,1,Distal-Medial,5.213
74,160,1,Distal-Medial,4.693
75,160,1,Distal-Medial,4.163
76,160,1,Distal-Medial,3.628
77,160,1,Distal-Medial,3.097
78,160,1,Distal-Medial,2.578
79,160,1,Distal-Medial,2.079
80,160,1,Distal-Medial,1.609
81,160,1,Distal-Medial,1.177
82,160,1,Distal-Medial,0.793
83,160,1,Distal-Medial,0.468
84,160,1,Distal-Medial,0.213
85,160,1,Distal-Medial,0.038
86,160,1,Distal-Medial,0.044
87,160,1,Distal-Medial,0.02
88,160,1,Distal-Medial,0.121
89,160,1,Distal-Medial,0.394
90,160,1,Distal-Medial,0.812
91,160,1,Distal-Medial,1.391
92,160,1,Distal-Medial,2.143
93,160,1,Distal-Medial,3.086
94,160,1,Distal-Medial,4.234
95,160,1,Distal-Medial,5.605
96,160,1,Distal-Medial,7.215
97,160,1,Distal-Medial,9.081
98,160,1,Distal-Medial,11.222
99,160,1,Distal-Medial,13.655
0,160,0,Medial-Proximal,11.103
1,160,0,Medial-Proximal,11.002
2,160,0,Medial-Proximal,10.87
3,160,0,Medial-Proximal,10.71
4,160,0,Medial-Proximal,10.526
5,160,0,Medial-Proximal,10.319
6,160,0,Medial-Proximal,10.095
7,160,0,Medial-Proximal,9.854
8,160,0,Medial-Proximal,9.6
9,160,0,Medial-Proximal,9.336
10,160,0,Medial-Proximal,9.064
11,160,0,Medial-Proximal,8.786
12,160,0,Medial-Proximal,8.505
13,160,0,Medial-Proximal,8.223
14,160,0,Medial-Proximal,7.942
15,160,0,Medial-Proximal,7.664
16,160,0,Medial-Proximal,7.391
17,160,0,Medial-Proximal,7.124
18,160,0,Medial-Proximal,6.866
19,160,0,Medial-Proximal,6.618
20,160,0,Medial-Proximal,6.38
21,160,0,Medial-Proximal,6.156
22,160,0,Medial-Proximal,5.945
23,160,0,Medial-Proximal,5.749
24,160,0,Medial-Proximal,5.569
25,160,0,Medial-Proximal,5.406
26,160,0,Medial-Proximal,5.26
27,160,0,Medial-Proximal,5.133
28,160,0,Medial-Proximal,5.024
29,160,0,Medial-Proximal,4.935
30,160,0,Medial-Proximal,4.865
31,160,0,Medial-Proximal,4.815
32,160,0,Medial-Proximal,4.785
33,160,0,Medial-Proximal,4.775
34,160,0,Medial-Proximal,4.785
35,160,0,Medial-Proximal,4.814
36,160,0,Medial-Proximal,4.863
37,160,0,Medial-Proximal,4.931
38,160,0,Medial-Proximal,5.23
39,160,0,Medial-Proximal,5.514
40,160,0,Medial-Proximal,5.86
41,160,0,Medial-Proximal,6.269
42,160,0,Medial-Proximal,6.724
43,160,0,Medial-Proximal,7.179
44,160,0,Medial-Proximal,7.529
45,160,0,Medial-Proximal,7.888
46,160,0,Medial-Proximal,8.243
47,160,0,Medial-Proximal,8.495
48,160,0,Medial-Proximal,8.633
49,160,0,Medial-Proximal,8.655
50,160,1,Medial-Proximal,8.663
51,160,1,Medial-Proximal,8.711
52,160,1,Medial-Proximal,8.794
53,160,1,Medial-Proximal,8.917
54,160,1,Medial-Proximal,9.091
55,160,1,Medial-Proximal,9.248
56,160,1,Medial-Proximal,9.261
57,160,1,Medial-Proximal,9.177
58,160,1,Medial-Proximal,9.005
59,160,1,Medial-Proximal,8.757
60,160,1,Medial-Proximal,8.413
61,160,1,Medial-Proximal,8.023
62,160,1,Medial-Proximal,7.65
63,160,1,Medial-Proximal,7.486
64,160,1,Medial-Proximal,7.315
65,160,1,Medial-Proximal,7.139
66,160,1,Medial-Proximal,6.959
67,160,1,Medial-Proximal,6.779
68,160,1,Medial-Proximal,6.599
69,160,1,Medial-Proximal,6.423
70,160,1,Medial-Proximal,6.253
71,160,1,Medial-Proximal,6.092
72,160,1,Medial-Proximal,5.943
73,160,1,Medial-Proximal,5.808
74,160,1,Medial-Proximal,5.692
75,160,1,Medial-Proximal,5.596
76,160,1,Medial-Proximal,5.525
77,160,1,Medial-Proximal,5.482
78,160,1,Medial-Proximal,5.471
79,160,1,Medial-Proximal,5.495
80,160,1,Medial-Proximal,5.558
81,160,1,Medial-Proximal,5.664
82,160,1,Medial-Proximal,5.818
83,160,1,Medial-Proximal,6.024
84,160,1,Medial-Proximal,6.286
85,160,1,Medial-Proximal,6.609
86,160,1,Medial-Proximal,6.997
87,160,1,Medial-Proximal,7.456
88,160,1,Medial-Proximal,7.99
89,160,1,Medial-Proximal,8.604
90,160,1,Medial-Proximal,9.303
91,160,1,Medial-Proximal,10.094
92,160,1,Medial-Proximal,10.981
93,160,1,Medial-Proximal,11.97
94,160,1,Medial-Proximal,13.066
95,160,1,Medial-Proximal,14.277
96,160,1,Medial-Proximal,15.607
97,160,1,Medial-Proximal,17.062
98,160,1,Medial-Proximal,18.65
99,160,1,Medial-Proximal,20.376
0,160,0,Proximal-Metacapal,33.961
1,160,0,Proximal-Metacapal,28.926
2,160,0,Proximal-Metacapal,24.472
3,160,0,Proximal-Metacapal,20.564
4,160,0,Proximal-Metacapal,17.169
5,160,0,Proximal-Metacapal,14.253
6,160,0,Proximal-Metacapal,11.786
7,160,0,Proximal-Metacapal,9.737
8,160,0,Proximal-Metacapal,8.074
9,160,0,Proximal-Metacapal,6.77
10,160,0,Proximal-Metacapal,5.796
11,160,0,Proximal-Metacapal,5.125
12,160,0,Proximal-Metacapal,4.729
13,160,0,Proximal-Metacapal,4.584
14,160,0,Proximal-Metacapal,4.664
15,160,0,Proximal-Metacapal,4.946
16,160,0,Proximal-Metacapal,5.407
17,160,0,Proximal-Metacapal,6.024
18,160,0,Proximal-Metacapal,6.776
19,160,0,Proximal-Metacapal,7.643
20,160,0,Proximal-Metacapal,8.606
21,160,0,Proximal-Metacapal,9.645
22,160,0,Proximal-Metacapal,10.743
23,160,0,Proximal-Metacapal,11.884
24,160,0,Proximal-Metacapal,13.05
25,160,0,Proximal-Metacapal,14.227
26,160,0,Proximal-Metacapal,15.4
27,160,0,Proximal-Metacapal,16.557
28,160,0,Proximal-Metacapal,17.684
29,160,0,Proximal-Metacapal,18.771
30,160,0,Proximal-Metacapal,19.805
31,160,0,Proximal-Metacapal,20.778
32,160,0,Proximal-Metacapal,21.681
33,160,0,Proximal-Metacapal,22.504
34,160,0,Proximal-Metacapal,23.242
35,160,0,Proximal-Metacapal,23.887
36,160,0,Proximal-Metacapal,24.434
37,160,0,Proximal-Metacapal,24.879
38,160,0,Proximal-Metacapal,25.232
39,160,0,Proximal-Metacapal,25.315
40,160,0,Proximal-Metacapal,25.296
41,160,0,Proximal-Metacapal,25.217
42,160,0,Proximal-Metacapal,25.121
43,160,0,Proximal-Metacapal,25.043
44,160,0,Proximal-Metacapal,24.961
45,160,0,Proximal-Metacapal,24.654
46,160,0,Proximal-Metacapal,24.121
47,160,0,Proximal-Metacapal,23.373
48,160,0,Proximal-Metacapal,22.402
49,160,0,Proximal-Metacapal,21.183
50,160,1,Proximal-Metacapal,19.747
51,160,1,Proximal-Metacapal,18.145
52,160,1,Proximal-Metacapal,16.539
53,160,1,Proximal-Metacapal,15.03
54,160,1,Proximal-Metacapal,13.359
55,160,1,Proximal-Metacapal,11.622
56,160,1,Proximal-Metacapal,9.993
57,160,1,Proximal-Metacapal,8.556
58,160,1,Proximal-Metacapal,7.439
59,160,1,Proximal-Metacapal,6.812
60,160,1,Proximal-Metacapal,6.644
61,160,1,Proximal-Metacapal,6.842
62,160,1,Proximal-Metacapal,7.305
63,160,1,Proximal-Metacapal,7.454
64,160,1,Proximal-Metacapal,7.735
65,160,1,Proximal-Metacapal,8.144
66,160,1,Proximal-Metacapal,8.679
67,160,1,Proximal-Metacapal,9.334
68,160,1,Proximal-Metacapal,10.102
69,160,1,Proximal-Metacapal,10.976
70,160,1,Proximal-Metacapal,11.947
71,160,1,Proximal-Metacapal,13.006
72,160,1,Proximal-Metacapal,14.14
73,160,1,Proximal-Metacapal,15.338
74,160,1,Proximal-Metacapal,16.587
75,160,1,Proximal-Metacapal,17.87
76,160,1,Proximal-Metacapal,19.172
77,160,1,Proximal-Metacapal,20.476
78,160,1,Proximal-Metacapal,21.764
79,160,1,Proximal-Metacapal,23.015
80,160,1,Proximal-Metacapal,24.209
81,160,1,Proximal-Metacapal,25.324
82,160,1,Proximal-Metacapal,26.336
83,160,1,Proximal-Metacapal,27.221
84,160,1,Proximal-Metacapal,27.953
85,160,1,Proximal-Metacapal,28.506
86,160,1,Proximal-Metacapal,28.851
87,160,1,Proximal-Metacapal,28.958
88,160,1,Proximal-Metacapal,28.798
89,160,1,Proximal-Metacapal,28.339
90,160,1,Proximal-Metacapal,27.546
91,160,1,Proximal-Metacapal,26.388
92,160,1,Proximal-Metacapal,24.827
93,160,1,Proximal-Metacapal,22.827
94,160,1,Proximal-Metacapal,20.351
95,160,1,Proximal-Metacapal,17.359
96,160,1,Proximal-Metacapal,13.812
97,160,1,Proximal-Metacapal,9.667
98,160,1,Proximal-Metacapal,4.883
99,160,1,Proximal-Metacapal,0.585
